<?xml version="1.0" encoding="UTF-8"?>
<project-private xmlns="http://www.netbeans.org/ns/project-private/1">
    <editor-bookmarks xmlns="http://www.netbeans.org/ns/editor-bookmarks/2" lastBookmarkId="0"/>
    <open-files xmlns="http://www.netbeans.org/ns/projectui-open-files/2">
        <group>
            <file>file:/C:/Users/jack/Desktop/COVID19Project/src/COVID19Project/COVID19ClientFive.java</file>
            <file>file:/C:/Users/jack/Desktop/COVID19Project/src/COVID19Project/COVID19ClientThree.java</file>
            <file>file:/C:/Users/jack/Desktop/COVID19Project/src/COVID19Project/COVID19ClientSix.java</file>
            <file>file:/C:/Users/jack/Desktop/COVID19Project/src/COVID19Project/incidence.java</file>
            <file>file:/C:/Users/jack/Desktop/COVID19Project/src/COVID19Project/COVID19ClientTwo.java</file>
            <file>file:/C:/Users/jack/Desktop/COVID19Project/src/COVID19Project/COVID19Server.java</file>
            <file>file:/C:/Users/jack/Desktop/COVID19Project/src/COVID19Project/COVID19ClientFour.java</file>
            <file>file:/C:/Users/jack/Desktop/COVID19Project/src/COVID19Project/COVID19ClientSeven.java</file>
            <file>file:/C:/Users/jack/Desktop/COVID19Project/src/COVID19Project/COVID19ClientOne.java</file>
            <file>file:/C:/Users/jack/Desktop/COVID19Project/src/COVID19Project/COVID19Main.java</file>
        </group>
    </open-files>
</project-private>
